{
    "ActionSound": "",
    "AutoUnlock": true,
    "Cards": [        
        "{\n    \"UnitsInDeck\": 4,\n    \"Card\": \"innercombustion\"\n}",
        "{\n    \"UnitsInDeck\": 3,\n    \"Card\": \"bbbblackbrand\"\n}",
        "{\n    \"UnitsInDeck\": 2,\n    \"Card\": \"shadowmend\"\n}",
        "{\n    \"UnitsInDeck\": 2,\n    \"Card\": \"cauterize\"\n}",        
        "{\n    \"UnitsInDeck\": 2,\n    \"Card\": \"shadowflame\"\n}",
        "{\n    \"UnitsInDeck\": 1,\n    \"Card\": \"prayerofhealing\"\n}",
        "{\n    \"UnitsInDeck\": 1,\n    \"Card\": \"exaltedmartyr\"\n}"
    ],
    "ChallengePack0": "inferno",
    "ChallengePack1": "shadowmancer",
    "ChallengePack2": "zealot",
    "ChallengePack3": "wizard",
    "ChallengePack4": "heretic",
    "ChallengePack5": "sorcerer",
    "ChallengePack6": "justicar",
    "CharacterDescription": "There are many cults scatterd throughout the world. Many know of Erekhel aand the fiery cult present in Velkarath. Fewer know of that headed by Tellann. His cult lingers in the darkness and worships a sinister light. ",
    "CharacterDescriptionStrength": "This character excels at Zeal, Fire, and Dark",
    "CharacterName": "Tellann",
    "Energy": 1,
    "EnergyTurn": 3,
    "Female": false,
    "FluffOffsetX": 0,
    "FluffOffsetY": 3.40000009536743,
    "HeroClass": "mage",
    "HeroClassSecondary": "healer",
    "HitSound": "",
    "HP": 70,
    "ID": "exalted",
    "Item": "exaltedfierycoat",
    "MaxHP": [
        0,
        6,
        6,
        6,
        6
    ],
    "OrderInList": 5,
    "ResistSlashing": 5,
    "ResistBlunt": 0,
    "ResistPiercing": 0,
    "ResistFire": 20,
    "ResistCold": 0,
    "ResistLightning": 0,
    "ResistHoly": 15,
    "ResistShadow": 20,
    "ResistMind": 0,
    "Speed": 9,
    "SpriteBorderLocked": "tellannSilueta",
    "StickerBase": "",
    "StickerAngry": "",
    "StickerIndifferent": "",
    "StickerLove": "",
    "StickerSurprise": "",
    "StickerOffsetX": 0.100000001490116,
    "SubclassName": "Exalted",
    "Trait0": "exaltedtrait0",
    "Trait1A": "exaltedtrait1a",
    "Trait1B": "exaltedtrait1b",
    "Trait2A": "exaltedtrait2a",
    "Trait2B": "exaltedtrait2b",
    "Trait3A": "exaltedtrait3a",
    "Trait3B": "exaltedtrait3b",
    "Trait4A": "exaltedtrait4a",
    "Trait4B": "exaltedtrait4b",
    "CardsSingularity": [
        "exaltedmartyr",
        "innerfire",
        "innercombustion",
        "shadowbolt",
        "ignite",
        "bbbblackbrand",
        "shadowflame",
        "perseverance",
        "curseofdecay",
        "searingnova",
        "searingtouch",
        "fireblast",
        "flashheal",
        "shadowmend",
        "darkoutbreak"
    ]
}